date_id,date,day,day_name,month,month_name,quarter,year,is_weekend,is_holiday,holiday_name
D001,1/1/2023,1,Sunday,1,January,1,2023,1,0,
D002,1/2/2023,2,Monday,1,January,1,2023,0,0,
D003,1/3/2023,3,Tuesday,1,January,1,2023,0,0,
D004,1/4/2023,4,Wednesday,1,January,1,2023,0,0,
D005,1/5/2023,5,Thursday,1,January,1,2023,0,0,
D006,1/6/2023,6,Friday,1,January,1,2023,1,0,
D007,1/7/2023,7,Saturday,1,January,1,2023,1,0,
D008,1/8/2023,8,Sunday,1,January,1,2023,1,0,
D009,1/9/2023,9,Monday,1,January,1,2023,0,0,
D010,,10,Tuesday,1,January,1,2023,0,0,
D011,,11,Wednesday,1,January,1,2023,0,0,
D012,,12,Thursday,1,January,1,2023,0,0,
D013,,13,Friday,1,January,1,2023,1,0,
D014,,14,Saturday,1,January,1,2023,1,0,
D015,,15,Sunday,1,January,1,2023,1,0,
D016,,16,Monday,1,January,1,2023,0,0,
D017,,17,Tuesday,1,January,1,2023,0,0,
D018,,18,Wednesday,1,January,1,2023,0,0,
D019,,19,Thursday,1,January,1,2023,0,0,
D020,,20,Friday,1,January,1,2023,1,0,
D021,,21,Saturday,1,January,1,2023,1,0,
D022,,22,Sunday,1,January,1,2023,1,0,
D023,,23,Monday,1,January,1,2023,0,0,
D024,,24,Tuesday,1,January,1,2023,0,0,
D025,,25,Wednesday,1,January,1,2023,0,0,
D026,,26,Thursday,1,January,1,2023,0,0,
D027,,27,Friday,1,January,1,2023,1,0,
D028,,28,Saturday,1,January,1,2023,1,0,
D029,,29,Sunday,1,January,1,2023,1,0,
D030,,30,Monday,1,January,1,2023,0,0,
D031,,31,Tuesday,1,January,1,2023,0,0,
D032,2/1/2023,1,Wednesday,2,February,1,2023,0,0,
D033,2/2/2023,2,Thursday,2,February,1,2023,0,0,
D034,2/3/2023,3,Friday,2,February,1,2023,1,0,
D035,2/4/2023,4,Saturday,2,February,1,2023,1,0,
D036,2/5/2023,5,Sunday,2,February,1,2023,1,1,Kashmir Day
D037,2/6/2023,6,Monday,2,February,1,2023,0,0,
D038,2/7/2023,7,Tuesday,2,February,1,2023,0,0,
D039,2/8/2023,8,Wednesday,2,February,1,2023,0,0,
D040,2/9/2023,9,Thursday,2,February,1,2023,0,0,
D041,,10,Friday,2,February,1,2023,1,0,
D042,,11,Saturday,2,February,1,2023,1,0,
D043,,12,Sunday,2,February,1,2023,1,0,
D044,,13,Monday,2,February,1,2023,0,0,
D045,,14,Tuesday,2,February,1,2023,0,0,
D046,,15,Wednesday,2,February,1,2023,0,0,
D047,,16,Thursday,2,February,1,2023,0,0,
D048,,17,Friday,2,February,1,2023,1,0,
D049,,18,Saturday,2,February,1,2023,1,0,
D050,,19,Sunday,2,February,1,2023,1,0,
D051,,20,Monday,2,February,1,2023,0,0,
D052,,21,Tuesday,2,February,1,2023,0,0,
D053,,22,Wednesday,2,February,1,2023,0,0,
D054,,23,Thursday,2,February,1,2023,0,0,
D055,,24,Friday,2,February,1,2023,1,0,
D056,,25,Saturday,2,February,1,2023,1,0,
D057,,26,Sunday,2,February,1,2023,1,0,
D058,,27,Monday,2,February,1,2023,0,0,
D059,,28,Tuesday,2,February,1,2023,0,0,
D060,3/1/2023,1,Wednesday,3,March,1,2023,0,0,
D061,3/2/2023,2,Thursday,3,March,1,2023,0,0,
D062,3/3/2023,3,Friday,3,March,1,2023,1,0,
D063,3/4/2023,4,Saturday,3,March,1,2023,1,0,
D064,3/5/2023,5,Sunday,3,March,1,2023,1,0,
D065,3/6/2023,6,Monday,3,March,1,2023,0,0,
D066,3/7/2023,7,Tuesday,3,March,1,2023,0,0,
D067,3/8/2023,8,Wednesday,3,March,1,2023,0,0,
D068,3/9/2023,9,Thursday,3,March,1,2023,0,0,
D069,,10,Friday,3,March,1,2023,1,0,
D070,,11,Saturday,3,March,1,2023,1,0,
D071,,12,Sunday,3,March,1,2023,1,0,
D072,,13,Monday,3,March,1,2023,0,0,
D073,,14,Tuesday,3,March,1,2023,0,0,
D074,,15,Wednesday,3,March,1,2023,0,0,
D075,,16,Thursday,3,March,1,2023,0,0,
D076,,17,Friday,3,March,1,2023,1,0,
D077,,18,Saturday,3,March,1,2023,1,0,
D078,,19,Sunday,3,March,1,2023,1,0,
D079,,20,Monday,3,March,1,2023,0,0,
D080,,21,Tuesday,3,March,1,2023,0,0,
D081,,22,Wednesday,3,March,1,2023,0,0,
D082,,23,Thursday,3,March,1,2023,0,1,Pakistan Day
D083,,24,Friday,3,March,1,2023,1,0,
D084,,25,Saturday,3,March,1,2023,1,0,
D085,,26,Sunday,3,March,1,2023,1,0,
D086,,27,Monday,3,March,1,2023,0,0,
D087,,28,Tuesday,3,March,1,2023,0,0,
D088,,29,Wednesday,3,March,1,2023,0,0,
D089,,30,Thursday,3,March,1,2023,0,0,
D090,,31,Friday,3,March,1,2023,1,0,
D091,4/1/2023,1,Saturday,4,April,2,2023,1,0,
D092,4/2/2023,2,Sunday,4,April,2,2023,1,0,
D093,4/3/2023,3,Monday,4,April,2,2023,0,0,
D094,4/4/2023,4,Tuesday,4,April,2,2023,0,0,
D095,4/5/2023,5,Wednesday,4,April,2,2023,0,0,
D096,4/6/2023,6,Thursday,4,April,2,2023,0,0,
D097,4/7/2023,7,Friday,4,April,2,2023,1,0,
D098,4/8/2023,8,Saturday,4,April,2,2023,1,0,
D099,4/9/2023,9,Sunday,4,April,2,2023,1,0,
D100,,10,Monday,4,April,2,2023,0,0,
D101,,11,Tuesday,4,April,2,2023,0,0,
D102,,12,Wednesday,4,April,2,2023,0,0,
D103,,13,Thursday,4,April,2,2023,0,0,
D104,,14,Friday,4,April,2,2023,1,0,
D105,,15,Saturday,4,April,2,2023,1,0,
D106,,16,Sunday,4,April,2,2023,1,0,
D107,,17,Monday,4,April,2,2023,0,0,
D108,,18,Tuesday,4,April,2,2023,0,0,
D109,,19,Wednesday,4,April,2,2023,0,0,
D110,,20,Thursday,4,April,2,2023,0,0,
D111,,21,Friday,4,April,2,2023,1,1,Eid ul-Fitr
D112,,22,Saturday,4,April,2,2023,1,0,
D113,,23,Sunday,4,April,2,2023,1,0,
D114,,24,Monday,4,April,2,2023,0,0,
D115,,25,Tuesday,4,April,2,2023,0,0,
D116,,26,Wednesday,4,April,2,2023,0,0,
D117,,27,Thursday,4,April,2,2023,0,0,
D118,,28,Friday,4,April,2,2023,1,0,
D119,,29,Saturday,4,April,2,2023,1,0,
D120,,30,Sunday,4,April,2,2023,1,0,
D121,,1,Monday,5,May,2,2023,0,0,
D122,,2,Tuesday,5,May,2,2023,0,0,
D123,,3,Wednesday,5,May,2,2023,0,0,
D124,,4,Thursday,5,May,2,2023,0,0,
D125,,5,Friday,5,May,2,2023,1,0,
D126,,6,Saturday,5,May,2,2023,1,0,
D127,,7,Sunday,5,May,2,2023,1,0,
D128,,8,Monday,5,May,2,2023,0,0,
D129,,9,Tuesday,5,May,2,2023,0,0,
D130,,10,Wednesday,5,May,2,2023,0,0,
D131,,11,Thursday,5,May,2,2023,0,0,
D132,,12,Friday,5,May,2,2023,1,0,
D133,,13,Saturday,5,May,2,2023,1,0,
D134,,14,Sunday,5,May,2,2023,1,0,
D135,,15,Monday,5,May,2,2023,0,0,
D136,,16,Tuesday,5,May,2,2023,0,0,
D137,,17,Wednesday,5,May,2,2023,0,0,
D138,,18,Thursday,5,May,2,2023,0,0,
D139,,19,Friday,5,May,2,2023,1,0,
D140,,20,Saturday,5,May,2,2023,1,0,
D141,,21,Sunday,5,May,2,2023,1,0,
D142,,22,Monday,5,May,2,2023,0,0,
D143,,23,Tuesday,5,May,2,2023,0,0,
D144,,24,Wednesday,5,May,2,2023,0,0,
D145,,25,Thursday,5,May,2,2023,0,0,
D146,,26,Friday,5,May,2,2023,1,0,
D147,,27,Saturday,5,May,2,2023,1,0,
D148,,28,Sunday,5,May,2,2023,1,0,
D149,,29,Monday,5,May,2,2023,0,0,
D150,,30,Tuesday,5,May,2,2023,0,0,
D151,,31,Wednesday,5,May,2,2023,0,0,
D152,6/1/2023,1,Thursday,6,June,2,2023,0,0,
D153,6/2/2023,2,Friday,6,June,2,2023,1,0,
D154,6/3/2023,3,Saturday,6,June,2,2023,1,0,
D155,6/4/2023,4,Sunday,6,June,2,2023,1,0,
D156,6/5/2023,5,Monday,6,June,2,2023,0,0,
D157,6/6/2023,6,Tuesday,6,June,2,2023,0,0,
D158,6/7/2023,7,Wednesday,6,June,2,2023,0,0,
D159,6/8/2023,8,Thursday,6,June,2,2023,0,0,
D160,6/9/2023,9,Friday,6,June,2,2023,1,0,
D161,,10,Saturday,6,June,2,2023,1,0,
D162,,11,Sunday,6,June,2,2023,1,0,
D163,,12,Monday,6,June,2,2023,0,0,
D164,,13,Tuesday,6,June,2,2023,0,0,
D165,,14,Wednesday,6,June,2,2023,0,0,
D166,,15,Thursday,6,June,2,2023,0,0,
D167,,16,Friday,6,June,2,2023,1,0,
D168,,17,Saturday,6,June,2,2023,1,0,
D169,,18,Sunday,6,June,2,2023,1,0,
D170,,19,Monday,6,June,2,2023,0,0,
D171,,20,Tuesday,6,June,2,2023,0,0,
D172,,21,Wednesday,6,June,2,2023,0,0,
D173,,22,Thursday,6,June,2,2023,0,0,
D174,,23,Friday,6,June,2,2023,1,0,
D175,,24,Saturday,6,June,2,2023,1,0,
D176,,25,Sunday,6,June,2,2023,1,0,
D177,,26,Monday,6,June,2,2023,0,0,
D178,,27,Tuesday,6,June,2,2023,0,0,
D179,,28,Wednesday,6,June,2,2023,0,1,Eid ul-Adha
D180,,29,Thursday,6,June,2,2023,0,0,
D181,,30,Friday,6,June,2,2023,1,0,
D182,7/1/2023,1,Saturday,7,July,3,2023,1,0,
D183,7/2/2023,2,Sunday,7,July,3,2023,1,0,
D184,7/3/2023,3,Monday,7,July,3,2023,0,0,
D185,7/4/2023,4,Tuesday,7,July,3,2023,0,0,
D186,7/5/2023,5,Wednesday,7,July,3,2023,0,0,
D187,7/6/2023,6,Thursday,7,July,3,2023,0,0,
D188,7/7/2023,7,Friday,7,July,3,2023,1,0,
D189,7/8/2023,8,Saturday,7,July,3,2023,1,0,
D190,7/9/2023,9,Sunday,7,July,3,2023,1,0,
D191,,10,Monday,7,July,3,2023,0,0,
D192,,11,Tuesday,7,July,3,2023,0,0,
D193,,12,Wednesday,7,July,3,2023,0,0,
D194,,13,Thursday,7,July,3,2023,0,0,
D195,,14,Friday,7,July,3,2023,1,0,
D196,,15,Saturday,7,July,3,2023,1,0,
D197,,16,Sunday,7,July,3,2023,1,0,
D198,,17,Monday,7,July,3,2023,0,0,
D199,,18,Tuesday,7,July,3,2023,0,0,
D200,,19,Wednesday,7,July,3,2023,0,0,
D201,,20,Thursday,7,July,3,2023,0,0,
D202,,21,Friday,7,July,3,2023,1,0,
D203,,22,Saturday,7,July,3,2023,1,0,
D204,,23,Sunday,7,July,3,2023,1,0,
D205,,24,Monday,7,July,3,2023,0,0,
D206,,25,Tuesday,7,July,3,2023,0,0,
D207,,26,Wednesday,7,July,3,2023,0,0,
D208,,27,Thursday,7,July,3,2023,0,0,
D209,,28,Friday,7,July,3,2023,1,0,
D210,,29,Saturday,7,July,3,2023,1,0,
D211,,30,Sunday,7,July,3,2023,1,0,
D212,,31,Monday,7,July,3,2023,0,0,
D213,8/1/2023,1,Tuesday,8,August,3,2023,0,0,
D214,8/2/2023,2,Wednesday,8,August,3,2023,0,0,
D215,8/3/2023,3,Thursday,8,August,3,2023,0,0,
D216,8/4/2023,4,Friday,8,August,3,2023,1,0,
D217,8/5/2023,5,Saturday,8,August,3,2023,1,0,
D218,8/6/2023,6,Sunday,8,August,3,2023,1,0,
D219,8/7/2023,7,Monday,8,August,3,2023,0,0,
D220,8/8/2023,8,Tuesday,8,August,3,2023,0,0,
D221,8/9/2023,9,Wednesday,8,August,3,2023,0,0,
D222,,10,Thursday,8,August,3,2023,0,0,
D223,,11,Friday,8,August,3,2023,1,0,
D224,,12,Saturday,8,August,3,2023,1,0,
D225,,13,Sunday,8,August,3,2023,1,0,
D226,,14,Monday,8,August,3,2023,0,1,Independence Day
D227,,15,Tuesday,8,August,3,2023,0,0,
D228,,16,Wednesday,8,August,3,2023,0,0,
D229,,17,Thursday,8,August,3,2023,0,0,
D230,,18,Friday,8,August,3,2023,1,0,
D231,,19,Saturday,8,August,3,2023,1,0,
D232,,20,Sunday,8,August,3,2023,1,0,
D233,,21,Monday,8,August,3,2023,0,0,
D234,,22,Tuesday,8,August,3,2023,0,0,
D235,,23,Wednesday,8,August,3,2023,0,0,
D236,,24,Thursday,8,August,3,2023,0,0,
D237,,25,Friday,8,August,3,2023,1,0,
D238,,26,Saturday,8,August,3,2023,1,0,
D239,,27,Sunday,8,August,3,2023,1,0,
D240,,28,Monday,8,August,3,2023,0,0,
D241,,29,Tuesday,8,August,3,2023,0,0,
D242,,30,Wednesday,8,August,3,2023,0,0,
D243,,31,Thursday,8,August,3,2023,0,0,
D244,9/1/2023,1,Friday,9,September,3,2023,1,0,
D245,9/2/2023,2,Saturday,9,September,3,2023,1,0,
D246,9/3/2023,3,Sunday,9,September,3,2023,1,0,
D247,9/4/2023,4,Monday,9,September,3,2023,0,0,
D248,9/5/2023,5,Tuesday,9,September,3,2023,0,0,
D249,9/6/2023,6,Wednesday,9,September,3,2023,0,0,
D250,9/7/2023,7,Thursday,9,September,3,2023,0,0,
D251,9/8/2023,8,Friday,9,September,3,2023,1,0,
D252,9/9/2023,9,Saturday,9,September,3,2023,1,0,
D253,,10,Sunday,9,September,3,2023,1,0,
D254,,11,Monday,9,September,3,2023,0,0,
D255,,12,Tuesday,9,September,3,2023,0,0,
D256,,13,Wednesday,9,September,3,2023,0,0,
D257,,14,Thursday,9,September,3,2023,0,0,
D258,,15,Friday,9,September,3,2023,1,0,
D259,,16,Saturday,9,September,3,2023,1,0,
D260,,17,Sunday,9,September,3,2023,1,0,
D261,,18,Monday,9,September,3,2023,0,0,
D262,,19,Tuesday,9,September,3,2023,0,0,
D263,,20,Wednesday,9,September,3,2023,0,0,
D264,,21,Thursday,9,September,3,2023,0,0,
D265,,22,Friday,9,September,3,2023,1,0,
D266,,23,Saturday,9,September,3,2023,1,0,
D267,,24,Sunday,9,September,3,2023,1,0,
D268,,25,Monday,9,September,3,2023,0,0,
D269,,26,Tuesday,9,September,3,2023,0,0,
D270,,27,Wednesday,9,September,3,2023,0,0,
D271,,28,Thursday,9,September,3,2023,0,0,
D272,,29,Friday,9,September,3,2023,1,0,
D273,,30,Saturday,9,September,3,2023,1,0,
D274,,1,Sunday,10,October,4,2023,1,0,
D275,,2,Monday,10,October,4,2023,0,0,
D276,,3,Tuesday,10,October,4,2023,0,0,
D277,,4,Wednesday,10,October,4,2023,0,0,
D278,,5,Thursday,10,October,4,2023,0,0,
D279,,6,Friday,10,October,4,2023,1,0,
D280,,7,Saturday,10,October,4,2023,1,0,
D281,,8,Sunday,10,October,4,2023,1,0,
D282,,9,Monday,10,October,4,2023,0,0,
D283,,10,Tuesday,10,October,4,2023,0,0,
D284,,11,Wednesday,10,October,4,2023,0,0,
D285,,12,Thursday,10,October,4,2023,0,0,
D286,,13,Friday,10,October,4,2023,1,0,
D287,,14,Saturday,10,October,4,2023,1,0,
D288,,15,Sunday,10,October,4,2023,1,0,
D289,,16,Monday,10,October,4,2023,0,0,
D290,,17,Tuesday,10,October,4,2023,0,0,
D291,,18,Wednesday,10,October,4,2023,0,0,
D292,,19,Thursday,10,October,4,2023,0,0,
D293,,20,Friday,10,October,4,2023,1,0,
D294,,21,Saturday,10,October,4,2023,1,0,
D295,,22,Sunday,10,October,4,2023,1,0,
D296,,23,Monday,10,October,4,2023,0,0,
D297,,24,Tuesday,10,October,4,2023,0,0,
D298,,25,Wednesday,10,October,4,2023,0,0,
D299,,26,Thursday,10,October,4,2023,0,0,
D300,,27,Friday,10,October,4,2023,1,0,
D301,,28,Saturday,10,October,4,2023,1,0,
D302,,29,Sunday,10,October,4,2023,1,0,
D303,,30,Monday,10,October,4,2023,0,0,
D304,,31,Tuesday,10,October,4,2023,0,0,
D305,,1,Wednesday,11,November,4,2023,0,0,
D306,,2,Thursday,11,November,4,2023,0,0,
D307,,3,Friday,11,November,4,2023,1,0,
D308,,4,Saturday,11,November,4,2023,1,0,
D309,,5,Sunday,11,November,4,2023,1,0,
D310,,6,Monday,11,November,4,2023,0,0,
D311,,7,Tuesday,11,November,4,2023,0,0,
D312,,8,Wednesday,11,November,4,2023,0,0,
D313,,9,Thursday,11,November,4,2023,0,0,
D314,,10,Friday,11,November,4,2023,1,0,
D315,,11,Saturday,11,November,4,2023,1,0,
D316,,12,Sunday,11,November,4,2023,1,0,
D317,,13,Monday,11,November,4,2023,0,0,
D318,,14,Tuesday,11,November,4,2023,0,0,
D319,,15,Wednesday,11,November,4,2023,0,0,
D320,,16,Thursday,11,November,4,2023,0,0,
D321,,17,Friday,11,November,4,2023,1,0,
D322,,18,Saturday,11,November,4,2023,1,0,
D323,,19,Sunday,11,November,4,2023,1,0,
D324,,20,Monday,11,November,4,2023,0,0,
D325,,21,Tuesday,11,November,4,2023,0,0,
D326,,22,Wednesday,11,November,4,2023,0,0,
D327,,23,Thursday,11,November,4,2023,0,0,
D328,,24,Friday,11,November,4,2023,1,0,
D329,,25,Saturday,11,November,4,2023,1,0,
D330,,26,Sunday,11,November,4,2023,1,0,
D331,,27,Monday,11,November,4,2023,0,0,
D332,,28,Tuesday,11,November,4,2023,0,0,
D333,,29,Wednesday,11,November,4,2023,0,0,
D334,,30,Thursday,11,November,4,2023,0,0,
D335,,1,Friday,12,December,4,2023,1,0,
D336,,2,Saturday,12,December,4,2023,1,0,
D337,,3,Sunday,12,December,4,2023,1,0,
D338,,4,Monday,12,December,4,2023,0,0,
D339,,5,Tuesday,12,December,4,2023,0,0,
D340,,6,Wednesday,12,December,4,2023,0,0,
D341,,7,Thursday,12,December,4,2023,0,0,
D342,,8,Friday,12,December,4,2023,1,0,
D343,,9,Saturday,12,December,4,2023,1,0,
D344,,10,Sunday,12,December,4,2023,1,0,
D345,,11,Monday,12,December,4,2023,0,0,
D346,,12,Tuesday,12,December,4,2023,0,0,
D347,,13,Wednesday,12,December,4,2023,0,0,
D348,,14,Thursday,12,December,4,2023,0,0,
D349,,15,Friday,12,December,4,2023,1,0,
D350,,16,Saturday,12,December,4,2023,1,0,
D351,,17,Sunday,12,December,4,2023,1,0,
D352,,18,Monday,12,December,4,2023,0,0,
D353,,19,Tuesday,12,December,4,2023,0,0,
D354,,20,Wednesday,12,December,4,2023,0,0,
D355,,21,Thursday,12,December,4,2023,0,0,
D356,,22,Friday,12,December,4,2023,1,0,
D357,,23,Saturday,12,December,4,2023,1,0,
D358,,24,Sunday,12,December,4,2023,1,0,
D359,,25,Monday,12,December,4,2023,0,1,Quaid Day
D360,,26,Tuesday,12,December,4,2023,0,0,
D361,,27,Wednesday,12,December,4,2023,0,0,
D362,,28,Thursday,12,December,4,2023,0,0,
D363,,29,Friday,12,December,4,2023,1,0,
D364,,30,Saturday,12,December,4,2023,1,0,
D365,,31,Sunday,12,December,4,2023,1,0,
